Missing Images,,
,,
9.78185E+12,,
,,
9.78086E+12,,
,,
9.78086E+12,,
,,
9.78086E+12,,
,,
9.78086E+12,,
,,
9.78086E+12,,
,,
9.78086E+12,,
,,
9.78086E+12,,
,,
9.78086E+12,,
,,
9.78086E+12,,
,,
9.78086E+12,,
,,
9.78185E+12,,
,,
9.78086E+12,,
,,
9.78086E+12,,
,,
9.78086E+12,,
,,
9.78086E+12,,
,,
9.78086E+12,,
,,
9.78086E+12,,
,,
9.78086E+12,,
,,
9.78086E+12,,
,,
9.78086E+12,,
,,
9.78086E+12,,
,,
9.78086E+12,,
,,
9.78086E+12,,
,,
9.78086E+12,,
,,
9.78086E+12,,
,,
9.78086E+12,,
,,
9.78086E+12,,
,,
9.78086E+12,,
,,
9.78086E+12,,
,,
9.78086E+12,,
,,
9.78086E+12,,
,,
9.78086E+12,,
,,
9.78086E+12,,
,,
9.78086E+12,,
,,
9.78086E+12,,
,,
9.78086E+12,,
,,
9.78086E+12,,
,,
9.78185E+12,,
,,
9.78185E+12,,
,,
9.78086E+12,,
,,
9.78086E+12,,
,,
9.78086E+12,,
,,
9.78086E+12,,
,,
9.78086E+12,,
,,
9.78086E+12,,
,,
9.78086E+12,,
,,
9.78086E+12,,
,,
9.78086E+12,,
,,
9.78086E+12,,
,,
9.78086E+12,,
,,
9.78086E+12,,
,,
9.78086E+12,,
,,
9.78086E+12,,
,,
9.78086E+12,,
,,
9.78086E+12,,
,,
9.78086E+12,,amendde
